Club,Recent result,Positive%,Why positive,Negative%,Why negative,Top 3 discussed players,Quotes (1/2/3),Outlook
West Ham United,Win 3-2 vs Burnley,37,Tommy's bravery in addressing issues unites the team and fans.,9,Central's performance is seen as an embarrassment to the fan base.,,1. didn‚Äôt think i could love the man any more. absolute club legend‚öíÔ∏è | 2. Him and central are utter gimps. Fucking embarrassment to the fan base. | 3. Fair play to you Tommy. Brave to acknowledge and talk about these things. We‚Äôre in it together lads! COYI ‚öíÔ∏è,Team spirit is strong despite individual criticisms.
Manchester City,Win 3-0 vs Liverpool,35,"Best sequence ever seen, team in a good spot.",16,Upcoming match against Arsenal will be tougher.,,"1. That was one of the best sequences I‚Äôve ever seen us produce. We are in a really good spot right now and may it continue! It will be a lot harder against Arsenal, Liverpools pressing is not good anymore | 2. Great vid | 3. Imagine thinking our board is idiotic enough to sack the best manager in history just because of a few bad games...",Concerns over Liverpool's pressing tactics.
Aston Villa,Win 4-0 vs Bournemouth,33,"Supporting Villa isn‚Äôt a choice, it‚Äôs a calling.",6,AI posts infesting football subs mislead fans.,,"1. How do people not realise these posts are AI post made purely to promote the linked site. It‚Äôs alarming how many people genuinely respond to these. They‚Äôve infested every football sub | 2. That's a relatable explanation of the global fan experience‚Äîit's tough trying to justify supporting a club outside the usual top-tier choices, especially across different cultures. The constant need to explain your passi | 3. Supporting Villa isn‚Äôt a choice, it‚Äôs a calling. Up the international Lions",Relatable global fan experience highlights dedication.
Liverpool,Loss 0-3 vs Man City,32,Winning brings joy and celebration.,21,Inability to defend titles leads to disappointment.,,"1. All this tells me is we party the most when we win. | 2. This club is allergic to defending titles or trophies, fall to bits every time. | 3. The first ever ! (Since 3 years ago). Ok‚Ä¶",Uncertain future with inconsistent performance.
Bournemouth,Loss 0-4 vs Aston Villa,32,Jimenez showed great attacking potential.,22,Small individual errors led to capitulation.,,"1. I love this club, but today's result is an example of why I feel we aren't ready to compete for Europe. | 2. 2-0 down at half time and apart from the start of the second half for 15 or 20 minutes, we weren't really in it much. I do think the penalty miss could have changed things had Semenyo converted it, but as soon as Martine | 3. Absolute shit show, we keep shooting ourselves in the dick. Just small individual errors that make us capitulate. International break couldn‚Äôt come at a better time. Aldi looks lost, Jimenez great attacking but such poor",International break needed for recovery.
Newcastle United,Loss 1-3 vs Brentford,32,Wolte's strengths can be better utilized with Isak's return.,27,Injuries to fullbacks and underperforming wingers hinder team performance.,,"1. Few disjointed thoughts: - We haven't figured out how to play without Isak properly and fit in around Wolte's strengths - Fullbacks have been out which has impacted our wingers, who are also underperforming anyway (aside | 2. To be honest mate, allowing something that you have absolutely zero control on the outcome of and that doesn't *really* matter in the grand scheme of your life affect you so much isn't healthy. I desperately want the lad | 3. I used to feel like this. I still care as much, but these days I try to just forget about it until the next match, by not looking at social media much, or not listening to puntids postmortems. Although, saying that, when",Need to adapt tactics to cope without Isak.
Chelsea,Win 3-0 vs Wolves,31,Engagement in merchandise sales shows fan interest.,22,Lack of knowledge about player backgrounds indicates poor fan awareness.,,1. I‚Äôm sure someone would love to buy your fake shirt | 2. If you are interested dm me for shipping and price | 3. Didn't even know he was Dutch,Potential for improved fan education and merchandise strategy.
Everton,Win 2-0 vs Fulham,29,"Delighted we've got him, the biggest legend since Baines and Coleman.",18,Suspected referee bias due to Remembrance Sunday weekend.,,"1. Not sure it's a claim... It's an absolute certainty. The biggest legend we've had since the Baines, Coleman, Arteta, Cahill cohort with Moyes. Delighted we've got him | 2. He is correct | 3. I suspect it was because it was Remembrance Sunday weekend.",Confidence in the team's legacy and leadership.
Arsenal,Draw 2-2 vs Sunderland,29,Havertz's quick recovery from injury boosts squad depth.,20,Shithousery tactics undermine sportsmanship and team integrity.,,"1. Oh for Christ sake, it's just a bit of shithousery. I say fair play to them, they sabotaged their own long throws by doing this. | 2. I like how Havertz‚Äôs injury was a minor surgical procedure that was supposed to be weeks not months | 3. We need to just worry about ourselves. The team know this. The fans don't. Perfection is not possible.",Focus on self-improvement is crucial for future success.
Manchester United,Draw 2-2 vs Tottenham Hotspur,29,Players are showing great form and confidence.,21,Concerns over potential injuries affecting key players.,,1. ![gif](giphy|CAukyJ5esw36CyRllk|downsized) | 2. Please don't be a serious injury. I beg | 3. Absolutely rocking it with that hairsyle.,Team needs to maintain momentum despite challenges.
Sunderland,Draw 2-2 vs Arsenal,29,Sunderland fully leaned into a brand of football and were the toughest opponent Arsenal faced this year.,22,Sunderland will have half their squad in AFCON when City visit.,,1. Not a shot at Sunderland they were great and deserved a point. Deginitely the toughest opponent Arsenal have played this year. I just find it pretty funny and ironic that they fully leaned into a brand of football on Sat | 2. *Former Sunderland full-back and now TalkSport pundit Michael Gray got things a little mixed up when praising Sunderland‚Äôs Northern Ireland international defender Dan Ballard. He said: ‚ÄúThis is a late shout and it might  | 3. The only thing i feel bad about is Sunderland will have half their squad in AFCON when City go to visit üôÅ,Sunderland's strong performance raises concerns for future matches.
Fulham,Loss 0-2 vs Everton,28,Team's resilience despite limited funds.,18,ESR's lack of impact led to decline.,,"1. What are we good at btw? | 2. Lukic gotta go off at half. Can't risk going down to 10. | 3. To me it seems like things started going downhill when ESR didn‚Äôt bring anything to the team. Compared to some other clubs, we don‚Äôt have a lot of money to spend on players so the ones that come in really have to work. T",Need to manage player fatigue effectively.
Leeds United,Loss 1-3 vs Nottingham Forest,28,Signed a top Bundesliga defensive midfielder.,25,Farke's tactics and substitutions are ineffective.,,"1. I don't think this squad is particularly good. But, we signed a defensive midfielder who was statistically one of the best players in the Bundesliga at protecting the back four and then played him as an 8. We signed a ce | 2. Does it reference someone typing the words Leeds United and Forest into an AI image generator to see what slop is produced? | 3. I was tempted to avoid this but here we go. Farke is tactically inept, his subs are completely useless timing wise and game contribution wise. His tactics look like ""play this formation and just play football"" it's what ",Squad lacks quality overall.
Brentford,Win 3-1 vs Newcastle United,25,Engaging content keeps viewers entertained.,0,,,1. Yet another ad | 2. Yeah that's right | 3. Another Advert. Fuck off,Continued frustration with excessive advertisements.
Tottenham Hotspur,Draw 2-2 vs Manchester United,23,Potential return with a mask after a short recovery.,23,Long-term injury concerns with 6-8 months out.,,"1. Surely he can play before that, and they're talking about being 100% recovered? Right? | 2. This is for a normal player. Tottenham player will be out 6-8 months. | 3. I‚Äôm assuming he‚Äôll probably miss a week or 2 after the international break and then play with a mask for a few weeks.",Uncertain recovery timeline for key players.
Wolverhampton Wanderers,Loss 0-3 vs Chelsea,15,Distinct species show adaptability.,19,Limited interactions with humans reduce understanding.,,"1. A lot of times you can‚Äôt. Most grey wolf subspecies are merely ecotypes while others are likely distinct species. C. L. Nubilus is known for being smaller, lighter, but still bulky | 2. A group of humans? Probably zero. | 3. Next to none, they don‚Äôt attack humans in the wild",Need for more research on grey wolf subspecies.
Burnley,Loss 2-3 vs West Ham United,0,Soucek's strong performance suggests he deserves more starting opportunities.,50,Lack of adherence to community rules may affect team morale.,,"1. Fellow fans, this is a friendly reminder to please follow the [Rules]( and [Reddiquette]( Please also make sure to [Join us on Discord]( *I am a bot, and this action was performed automatically. Please [contact the moder | 2. Soucek should be starting games imo, he's playing well .",Concerns about team dynamics persist.
Brighton & Hove Albion,Draw 0-0 vs Crystal Palace,0,,100,The team is struggling with injuries and inconsistent tactics.,,"1. Fellow fans, this is a friendly reminder to please follow the [Rules]( and [Reddiquette]( Please also make sure to [Join us on Discord]( *I am a bot, and this action was performed automatically. Please [contact the moder",Difficult times ahead without key players.
Crystal Palace,Draw 0-0 vs Brighton & Hove Albion,0,,100,Lack of player performance and tactical execution.,,"1. Fellow fans, this is a friendly reminder to please follow the [Rules]( and [Reddiquette]( Please also make sure to [Join us on Discord]( *I am a bot, and this action was performed automatically. Please [contact the moder",Concern over future matches.
Nottingham Forest,No match in last 72h,0,,100,"The team's performance was disappointing, lacking cohesion and tactical execution.",,"1. Fellow fans, this is a friendly reminder to please follow the [Rules]( and [Reddiquette]( Please also make sure to [Join us on Discord]( *I am a bot, and this action was performed automatically. Please [contact the moder",Future matches may not improve without significant changes.
